"id"	"query"	"preferred_website"	"tester"	"other_website"
"1"	"newspaper effects"	"dblp"	"admin"	"Metager"
"2"	"psychology sport"	"Metager"	"admin"	"dblp"
"3"	"TAP test"	"Metager"	"admin"	"PubPsych"
"4"	"Webster-Stratton"	"dblp"	"admin"	"PubPsych"
"5"	"Mediation"	"dblp"	"admin"	"PubPsych"
"6"	"domestic violence and women"	"Metager"	"admin"	"dblp"
"7"	"Differential Reinforcement of other behavior"	"PubPsych"	"admin"	"Metager"
"8"	"Mediation"	"Metager"	"admin"	"PubPsych"
"9"	"kidney function"	"PubPsych"	"admin"	"Metager"
"10"	"adult and attachment and friendships"	"dblp"	"admin"	"PubPsych"
"11"	"test"	"dblp"	"127.0.0.1"	"PubPsych"
"12"	"live test"	"Metager"	"127.0.0.1"	"dblp"
"13"	"another test"	"Metager"	"127.0.0.1"	"dblp"
"14"	"last live test"	"Metager"	"127.0.0.1"	"PubPsych"
